atom_id,fire_pct,summary,description,key_evidence,pearson_r,p_value,n_heldout
457,17.55210709531458,The atom activates on ECGs with findings suggestive of myocardial ischemia or acute infarction with associated ST-T wave abnormalities,"This detector identifies ECGs with explicit mention of myocardial ischemia in the interpretation (phrases like 'ST-T changes may be due to myocardial ischemia') or multiple infarct territories with associated repolarization abnormalities. HIGH activation occurs when reports describe ST-T changes as potentially ischemic rather than nonspecific, normal variants, or due to chronic conditions like isolated conduction blocks. The detector distinguishes active ischemic processes from stable conduction abnormalities or benign variants.","Report mentions 'myocardial ischemia' or ischemic ST-T changes; Multiple infarct territories mentioned (anterior, inferior, lateral); ST-T abnormalities attributed to acute pathology rather than described as 'nonspecific' or 'normal variant'",0.0011195468136042837,0.9962624385276175,20
238,15.505446636709644,The atom activates on ECGs showing relatively normal cardiac electrical function without significant conduction abnormalities or structural disease,"This detector activates on ECGs with preserved normal cardiac electrophysiology, typically resulting in 'Normal ECG' or 'Borderline ECG' classifications. HIGH activation requires absence of bundle branch blocks, absence of ventricular hypertrophy, no significant AV conduction disease (1st degree AV block ≥220ms suppresses activation), and QRS axis between approximately -60° and +75°. The detector is suppressed by major structural/conduction abnormalities including LBBB, RBBB, LVH with secondary repolarization changes, and extensive ST-T abnormalities.",Absence of bundle branch blocks (LBBB/RBBB); Absence of ventricular hypertrophy with secondary repolarization abnormality; No severe 1st degree AV block (PR >220ms in ZERO cases); ECG classification as 'Normal' or 'Borderline' rather than 'Abnormal',0.201086330798049,0.3952614682431159,20
1524,14.850475291705989,"The atom activates on ECGs with absence of significant cardiac pathology, particularly those without left axis deviation, infarct patterns, or major conduction abnormalities.","This detector identifies ECGs that are fundamentally normal or have only minimal abnormalities. HIGH activation occurs when the QRS axis is typically between 0° and 70° (avoiding left axis deviation below -30°), and the report shows 'Normal ECG' or 'Borderline ECG' without mentions of infarction, significant conduction blocks, or acute ST elevation. ZERO activation occurs with left axis deviation (QRS axis < -30°), any mention of infarct (inferior, anterior), acute ST elevation, or significant conduction abnormalities like A-V block or fascicular block.","Absence of left axis deviation (QRS axis typically 0° to 70°); No infarct patterns (inferior, anterior, or acute MI); Report reads 'Normal ECG' or minor findings only, without conduction blocks or ischemic changes",0.3810364318881877,0.0974098304620062,20
784,14.78222827751286,"The atom activates on ECGs with preserved physiologic AV conduction timing (PR interval ≥142ms when measurable) combined with absence of acute ST-T abnormalities, myocardial infarction, artificial pacing, or pathologically short PR intervals.","This detector identifies ECGs showing normal to mildly prolonged AV nodal conduction without significant acute pathology. HIGH activation occurs when PR interval is ≥142ms (ranging 142-240ms in the HIGH group) and the report lacks mentions of ST-T changes, myocardial infarction, pacing, or short PR intervals (<140ms). The detector appears to capture physiologic rather than pathologic conduction patterns, tolerating bundle branch blocks and first-degree AV block but excluding acute ischemic changes and conduction bypass patterns.","PR interval ≥142ms (excludes pathologically short PR <140ms seen in ZERO group); Absence of ST-T abnormalities, myocardial infarction, or acute ischemic changes in report; No artificial pacing or atrial flutter with variable conduction",0.44544840312656675,0.049034046782829646,20
91,14.224627672539327,The atom activates on uncomplicated sinus rhythms with narrow QRS complexes and absence of significant structural heart disease or conduction abnormalities.,"This detector identifies ECGs with normal sinus node function (sinus rhythm, sinus bradycardia, or sinus tachycardia), narrow QRS duration (≤92ms), and absence of bundle branch blocks, ventricular hypertrophy, or acute ischemic changes. HIGH activation occurs when the ECG shows straightforward sinus rhythm without structural complications, while ZERO activation occurs with LBBB, RBBB, ventricular hypertrophy, pacemaker rhythms, acute MI alerts, or atrial flutter. QRS duration appears critical: HIGH cases range 68-92ms, while ZERO cases often exceed 96ms.",Narrow QRS complex ≤92ms; Pure sinus rhythm without bundle branch blocks or ventricular hypertrophy; Absence of acute ST elevation MI alerts or significant conduction disease,0.3996649675888431,0.08083147427377357,20
970,13.978638434568488,The atom activates on ECGs with narrow QRS complexes (≤100ms) and normal AV conduction without significant conduction defects or acute pathology,"This detector identifies ECGs with preserved intraventricular conduction (QRS ≤100ms) and normal AV conduction (PR 130-174ms) in sinus rhythm. HIGH activation occurs when QRS duration is 80-100ms without bundle branch blocks, acute MI, or atrial fibrillation. ZERO activation is triggered by wide QRS (>100ms), bundle branch blocks (LBBB/RBBB), acute ST elevation MI, atrial fibrillation, or extreme PR intervals (<100ms or >200ms).","QRS duration ≤100ms (all HIGH have 80-100ms; ZERO includes 131-154ms); Absence of bundle branch blocks (ZERO contains LBBB, RBBB, IV conduction defect); Normal sinus rhythm with normal PR interval 130-174ms (ZERO includes AFib, short PR 86ms, prolonged PR 209ms)",0.2156468193962761,0.3611827929663116,20
282,13.173548657246243,The atom activates on ECGs with short-to-normal PR intervals (<150ms preferred) combined with absence of significant structural cardiac disease or complex conduction abnormalities.,"This detector identifies ECGs with efficient AV conduction (PR interval typically <150ms, up to ~188ms) in the absence of major cardiac pathology. HIGH activation occurs when PR intervals are short-normal AND reports show normal/borderline findings without infarcts, bundle branch blocks, low QRS voltages, or atrial fibrillation. ZERO activation occurs with prolonged PR intervals (≥218ms) or presence of significant findings like myocardial infarction, low QRS voltages, RBBB, or atrial fibrillation, even if PR is normal.","PR interval <150ms strongly predicts HIGH activation; Absence of myocardial infarction (inferior, anteroseptal, anterolateral) in report; Absence of conduction disease (1st degree AV block, bundle branch blocks) and low QRS voltages",0.2978643809688147,0.2021293784084524,20
805,11.930353047054192,"The atom activates on ECGs with narrow QRS complexes (predominantly <100ms) in the absence of right bundle branch block, regardless of rhythm or axis deviation","This detector identifies ECGs with preserved intraventricular conduction, specifically QRS duration <100ms without right bundle branch block morphology. HIGH activation occurs with QRS 74-92ms and absence of RBBB in the report, even when other abnormalities like infarcts, axis deviations, or arrhythmias are present. ZERO activation correlates with prolonged QRS (≥106ms in 5/8 cases) and/or presence of RBBB (3/8 cases). The detector appears insensitive to rhythm type, axis, or ischemic changes.","QRS duration <100ms (typically 74-92ms in HIGH vs frequently ≥106ms in ZERO); Absence of right bundle branch block (0% in HIGH vs 37.5% in ZERO); Preserved narrow QRS conduction independent of underlying rhythm, axis deviation, or infarct patterns",0.2399433816525992,0.3082264724739148,20
202,11.728236889636078,The atom activates on uncomplicated sinus rhythm ECGs with normal QRS axis and relatively short PR intervals,"This detector identifies ECGs with simple sinus rhythm (including sinus bradycardia) characterized by normal QRS axis (approximately 0° to 70°), PR interval ≤148ms, and absence of significant structural or conduction abnormalities. The ECGs are clinically benign, classified as either normal or borderline with at most nonspecific T-wave changes. Activation is suppressed by axis deviations beyond ±30°, non-sinus rhythms (atrial fibrillation, frequent PVCs), conduction blocks (fascicular blocks), and pathological findings (infarcts, LVH).","Normal QRS axis (0° to 70°) versus axis deviations (-48°, -34°, 84°) in ZERO group; Sinus rhythm exclusively versus atrial fibrillation and frequent PVCs in ZERO group; PR interval ≤148ms and absence of conduction abnormalities versus LAFB and other blocks in ZERO group",0.28499769988965745,0.22324755923938897,20
898,11.630241176948507,"The atom activates on prolonged PR interval (≥168ms), particularly first-degree AV block","This detector identifies ECGs with prolonged atrioventricular conduction. HIGH activation occurs when PR interval is ≥168ms, most commonly ≥200ms (first-degree AV block). All HIGH-activation cases show PR prolongation (168-276ms), with 5 of 8 explicitly reporting '1st degree A-V block' or 'borderline 1st degree A-V block'. ZERO-activation cases predominantly show normal PR intervals (126-166ms), and when prolonged PR is present, it's typically accompanied by confounding factors like pacing or multiple complex pathologies.","PR interval ≥168ms, typically ≥200ms; Presence of '1st degree A-V block' or 'borderline 1st degree A-V block' in report; Absence of pacing or other dominant conduction abnormalities that would obscure isolated AV delay",0.24977231831845476,0.2882168597895301,20
339,11.354878224077696,"The atom activates on ECGs with normal cardiac conduction and electrophysiology, particularly narrow QRS complexes and normal atrioventricular conduction.","This detector identifies ECGs with preserved normal conduction: QRS duration ≤96ms (narrow complex), normal PR intervals (120-180ms), regular sinus rhythm, and absence of bundle branch blocks or atrial abnormalities. HIGH activation consistently occurs in ECGs labeled as normal or minimally abnormal with no conduction defects. ZERO activation occurs with wide QRS (>100ms), bundle branch blocks, atrial fibrillation, atrial abnormalities, or other significant conduction disturbances.","QRS duration ≤96ms in HIGH vs ≥98ms (often >100ms) in ZERO; Absence of bundle branch blocks, atrial fibrillation, and atrial abnormalities in HIGH activation; Normal ECG interpretation in 87.5% of HIGH cases vs 25% of ZERO cases",0.24578859267995914,0.2962280839261163,20
981,11.30300549350966,"The atom activates on ECGs with mild to moderate left axis deviation, specifically QRS axis between approximately -10° and -35°","This detector identifies ECGs with QRS axis in the narrow range of -10° to -35°, representing mild to moderate leftward/superior axis deviation. HIGH activation occurs when the axis falls within this specific window, typically seen in otherwise normal or borderline ECGs. The detector does NOT activate on extreme left axis deviation (beyond -40°), normal axes (0° to +30°), or right axis deviation (>+30°). This range suggests early or mild left anterior fascicular involvement without overt pathology.",QRS axis consistently between -10° and -35° in HIGH cases; QRS axis outside this range (either more negative than -40° or positive values >0°) in ZERO cases; MEDIUM cases show mixed axes including extreme deviations (-49° to -54°) or normal/right axes,0.32877241667175855,0.15696636260924138,20
1233,11.269881942665007,The atom activates on ECGs showing isolated supraventricular ectopy (primarily premature atrial contractions) or sinus arrhythmia in the context of otherwise relatively normal sinus rhythm,"This detector identifies ECGs with PACs or sinus arrhythmia occurring at normal to mildly elevated heart rates (typically 63-82 bpm). The hallmark is the presence of phrases like 'with PAC(s)' or 'sinus arrhythmia' in reports describing otherwise organized atrial activity. It does NOT activate on completely normal sinus rhythm, severe tachycardia (HR>100), atrial fibrillation, or rhythms with prominent ventricular ectopy (PVCs, ventricular trigeminy).",Presence of PACs mentioned in report (7/8 HIGH cases); Sinus arrhythmia (2/8 HIGH cases); Heart rate 63-82 bpm in HIGH group vs extremes (tachycardia ≥101 or bradycardia 56) in ZERO group; Absence of ventricular ectopy as primary rhythm disturbance; Absence of atrial fibrillation or severe conduction disease,0.8037786081232151,1.9600376074169082e-05,20
1354,10.874899223158987,"The atom activates on ECGs with normal sinus rhythm in the 60-70 bpm range, narrow QRS complexes (<100ms), and absence of significant cardiac pathology","This detector identifies hemodynamically stable, normal cardiac function characterized by heart rates between 60-70 bpm, QRS duration <100ms (mostly 72-98ms), and QRS axis between -20° and +60°. ECGs classified as 'Normal' or 'Borderline' with minimal findings activate strongly, while those with extreme heart rates (<55 or >85 bpm), wide QRS complexes (>110ms), severe axis deviations (<-30° or >70°), or reports indicating infarction, pacing, ischemia, or significant conduction blocks show zero activation.","Heart rate 60-70 bpm (excludes bradycardia <55 and tachycardia >85); Narrow QRS complex <100ms without bundle branch blocks; Normal or borderline ECG reports without infarction, ischemia, pacing, or severe conduction abnormalities",0.26515441167336506,0.2585502210984014,20
1484,10.751779609642078,"The atom activates on ECGs with normal narrow QRS complexes (<100ms) in the setting of physiologic sinus rhythm without significant conduction abnormalities, bundle branch blocks, or pacing.","This detector identifies ECGs with normal ventricular depolarization characterized by QRS duration <100ms (typically 72-98ms), heart rates in the physiologic range (65-80 bpm), and absence of bundle branch blocks, pacing, or significant structural disease. ECGs with wide QRS complexes (≥100ms), bundle branch blocks (RBBB/LBBB), ventricular or atrial pacing, extreme axis deviations, or established infarcts show ZERO activation. The pattern captures normal intraventricular conduction with preserved QRS morphology.",QRS duration <100ms (all HIGH have QRS 72-98ms vs ZERO often ≥100ms); Absence of bundle branch blocks or pacing (present in multiple ZERO cases); Normal sinus rhythm without significant structural disease or conduction abnormalities,0.2385160851521342,0.31120022271564723,20
241,10.638159580518352,"The atom activates on ECGs with normal sinus rhythm, heart rate 65-80 bpm, and QRS axis within -15° to +70°, typically showing benign or borderline findings without significant tachycardia, bradycardia, arrhythmias, or established infarction.","This detector identifies ECGs with physiologically stable cardiac parameters: sinus rhythm with heart rate 65-80 bpm and QRS axis between -15° and +70°. HIGH activation occurs with reports indicating 'Normal ECG', 'Borderline ECG', 'Poor R wave progression - probable normal variant', or 'Nonspecific ST-T changes', but excludes significant pathology. ZERO activation occurs with extreme heart rates (<55 or >100 bpm), atrial fibrillation, extreme axis deviations (>70° or <-30°), sinus tachycardia, or documented infarction. The pattern distinguishes hemodynamically stable, benign ECGs from those with arrhythmias or structural disease.","Heart rate 65-80 bpm in HIGH vs. extreme rates (<55 or >100) in ZERO; QRS axis -15° to +70° in HIGH vs. extreme deviations in ZERO; Sinus rhythm with benign/borderline findings in HIGH vs. atrial fibrillation, tachycardia, or documented infarction in ZERO",0.40205728976293076,0.07886471515216276,20
1007,10.518414819351651,The atom activates on ECGs with heart rates in the normal sinus rhythm range (approximately 65-85 bpm) without severe conduction defects or extreme axis deviations.,"This detector identifies ECGs with heart rates between approximately 65-85 bpm in sinus rhythm, with normal to mildly abnormal QRS axis (roughly -20° to +105°), and absence of severe conduction abnormalities. ZERO activation occurs with bradycardia (<60 bpm), tachycardia (>95 bpm), severe axis deviations (especially <-100° or left axis deviation with bundle branch blocks), markedly prolonged QRS (>120ms with bundle branch block), prolonged PR intervals (>200ms), or low voltage patterns.",Heart rate 65-85 bpm vs bradycardia/tachycardia extremes; Absence of severe bundle branch blocks or intraventricular conduction defects; Normal to borderline QRS axis without extreme deviations,0.5767801230391466,0.007759974417234721,20
1439,10.461667302055536,"The atom activates on ECGs with relatively preserved electrical axis and physiologic heart rates, typically showing normal or minimal abnormalities, while avoiding extreme axis deviations, complex arrhythmias, and extensive ischemic changes.","This detector activates strongly when QRS axis is between approximately -10° to +80°, heart rate is 45-90 bpm, and the rhythm is sinus (including bradycardia) or atrial pacing. It requires absence of extreme axis deviations (beyond -45° or >100°), absence of atrial fibrillation, absence of ventricular pacing, and absence of extensive multi-territorial ST-T changes. Reports typically state 'Normal ECG' or have limited findings like isolated inferior infarct rather than complex combinations of ischemia/infarction.",QRS axis between -10° and +80° (avoiding extreme LAD or RAD); Heart rate 45-90 bpm with sinus rhythm or atrial pacing (not atrial fibrillation); Absence of extensive ST-T changes across multiple territories and absence of ventricular pacing,0.08543246586292852,0.7202532101557257,20
1053,10.450292799690011,"The atom activates on ECGs with significant intraventricular conduction disease and/or extensive myocardial infarction, particularly when combined with marked left axis deviation","This detector identifies ECGs with severe conduction system disease or extensive structural damage. HIGH activation occurs with QRS ≥90ms (often >120ms), marked left axis deviation (≤-50°), and report findings of IV conduction defects, bifascicular blocks (RBBB+LAFB), pacemaker rhythms, or extensive/multiple territory infarcts. The pattern suggests significant damage to the ventricular conduction system or myocardium, often with combinations of anterior, inferior, and lateral involvement.","QRS duration ≥90ms with frequent prolongation >120ms; Marked left axis deviation (QRS axis ≤-50°); IV conduction defect, bifascicular block, pacemaker rhythm, or extensive/multiple infarcts in report",0.012894394594467975,0.9569715240828187,20
672,9.938690182304525,"The atom activates on ECGs showing myocardial ischemia or infarction patterns with repolarization abnormalities, typically accompanied by leftward QRS axis deviation","This detector identifies ECGs with evidence of myocardial infarction (anterior, inferior, septal, or lateral) or significant repolarization abnormalities including ST-T wave changes and LVH with secondary repolarization changes. HIGH activation requires QRS axis typically between -40° and +15° (leftward shift) combined with report mentions of 'infarct,' 'ST-T changes,' 'T wave abnormalities,' or 'repolarization abnormality.' ZERO activation occurs in normal ECGs or those with pure conduction abnormalities (LBBB, WPW) without ischemic patterns and more rightward axis (25° to 74°).","Presence of myocardial infarction (anterior, inferior, septal, or lateral) or ST-T wave abnormalities in report; QRS axis leftward deviation (typically -40° to +15° for HIGH vs 25° to 74° for ZERO); LVH with secondary repolarization abnormality or ischemic T wave changes vs pure conduction defects without ischemia",0.4426256827024275,0.050660403963490086,20
404,9.87306805327267,The atom activates on ECGs with narrow QRS complexes and heart rates in the normal to upper-normal range.,"This detector identifies ECGs with QRS duration ≤94ms (narrow complexes, excluding intraventricular conduction delays and bundle branch blocks) combined with heart rates typically 73-94 bpm. It specifically excludes wide QRS complexes (≥98ms), significant bradycardia (HR <60 bpm), and marked axis deviations (beyond -40° to +60°). The pattern captures normal or near-normal ventricular conduction in the context of physiologic heart rates.",QRS duration ≤94ms (no bundle branch blocks or significant intraventricular conduction delay); Heart rate 73-94 bpm (excluding marked bradycardia <60 bpm); Absence of wide QRS complexes (all ZERO cases with QRS ≥98ms or significant conduction abnormalities),0.5678131424121156,0.009012574338659188,20
88,9.823070240676971,The atom activates on ECGs with heart rates in a narrow mid-60s range (approximately 65-68 bpm) with preserved normal or near-normal conduction,"This detector identifies ECGs with heart rates specifically between 65-68 bpm, typically in sinus rhythm or simple paced rhythms. Activation requires absence of bradycardia (<60 bpm), absence of tachycardia (>70 bpm), and relatively normal conduction (QRS generally <100ms). The detector is suppressed by rates outside this narrow window, complex arrhythmias (atrial fibrillation, flutter), significant conduction blocks (RBBB, bifascicular block), and structural abnormalities (LVH, LAE).","Heart rate 65-68 bpm (tight clustering in HIGH, absent in ZERO); Simple rhythm identification (sinus rhythm or atrial pacing in HIGH vs. complex arrhythmias in ZERO); Absence of severe bradycardia (<60) or any tachycardia (>70) which characterize ZERO cases",0.7345371241247711,0.00022590706964459417,20
1287,9.783946952320836,The atom activates on normal or near-normal ECGs with lower heart rates (≤71 bpm) and absence of significant conduction abnormalities or structural heart disease,"This detector identifies ECGs showing sinus rhythm or sinus bradycardia (HR ≤71 bpm) with normal conduction parameters (QRS <100ms, normal axis) and absence of pathological findings. HIGH activation requires either 'Normal ECG' or at most nonspecific T wave changes as the only abnormality. The detector does NOT activate on ECGs with bundle branch blocks, infarcts, atrial arrhythmias, wide QRS complexes (>100ms), or heart rates >71 bpm.","Heart rate ≤71 bpm (sinus bradycardia or low-normal sinus rhythm); Normal QRS duration (<100ms) and axis; Absence of bundle branch blocks, infarcts, and significant arrhythmias",-0.11133498699480933,0.6402832401156833,20
791,9.772947433549785,The atom activates on ECGs with narrow QRS complexes and frontal QRS axis very close to zero degrees (approximately -13° to +4°) in sinus rhythm.,"This detector identifies ECGs with a normal-width QRS complex (82-94ms) and a frontal QRS axis tightly clustered around zero degrees (typically -13° to +4°, most commonly -4° to +4°). Heart rate is typically in the normal sinus range (71-76 bpm). The detector does NOT activate on wide QRS complexes (>100ms), bundle branch blocks, extreme axis deviations, paced rhythms, or atrial fibrillation, regardless of other features.",Frontal QRS axis between -13° and +4° (near-zero axis); Normal QRS duration 82-94ms (excludes bundle branch blocks and paced rhythms); Sinus rhythm with heart rate 71-76 bpm,0.48740728487107704,0.02926978164680656,20
573,9.579705887867403,The atom activates on ECGs with mildly prolonged QRS duration (≥94-100ms) combined with nonspecific ST-T wave abnormalities across multiple leads,"This detector identifies ECGs with QRS duration ≥94ms (typically 100-116ms) accompanied by reports describing 'nonspecific' ST-T wave changes in multiple territories (extensive, anterolateral, inferior/lateral, anteroseptal). HIGH activation consistently occurs when both prolonged QRS and nonspecific repolarization abnormalities are present, often with mentions of possible/undetermined age infarcts or low QRS voltages. ZERO activation ECGs have normal QRS duration (<92ms) and lack descriptions of nonspecific ST-T changes.",QRS duration ≥94-100ms; Report mentions 'nonspecific ST-T changes' or 'nonspecific T wave changes' in multiple leads; Frequent association with possible infarcts of undetermined age or low QRS voltages,0.18394164156926607,0.43756964575022583,20
398,9.541082577637228,"The atom activates on sinus rhythm with heart rate in the elevated-normal range (88-99 bpm), without atrial arrhythmias or significant conduction abnormalities.","This detector identifies ECGs showing sinus rhythm with heart rates between 88-99 bpm. HIGH activation requires maintained sinus rhythm (no atrial fibrillation, flutter, or pacing), heart rate in this specific elevated-normal range, and absence of significant conduction defects or marked axis deviations. The detector is suppressed by atrial arrhythmias (fibrillation/flutter), ventricular pacing, extreme axis deviations, and heart rates outside the 88-99 bpm window.","Heart rate 88-99 bpm (all HIGH cases); Sinus rhythm maintained (all HIGH; ZERO includes AFib, flutter, pacing); Absence of significant conduction blocks or extreme axis deviations",0.5669068403638383,0.009147839502078942,20
1520,9.498834425993865,The atom activates on ECGs with elevated-normal heart rates (84-110 bpm) and normal intraventricular conduction without significant axis deviation or conduction blocks.,"This detector identifies ECGs with heart rates in the 84-110 bpm range, QRS duration ≤92ms, and QRS axis between -15° and 50°. High activation occurs with preserved normal conduction (absence of bundle branch blocks, fascicular blocks, or pacing). Zero activation is associated with bradycardia (HR <60 bpm), widened QRS ≥100ms, extreme axis deviations (≤-49° or ≥74°), or presence of conduction abnormalities like RBBB, LAFB, or atrial pacing.",Heart rate 84-110 bpm (upper-normal to mildly elevated sinus rhythm); QRS duration ≤92ms without bundle branch blocks or fascicular blocks; QRS axis within -15° to 50° range (normal to mildly leftward),0.26956299540888135,0.2504186460600174,20
429,9.343966201478686,"The atom activates on ECGs with prolonged PR intervals or atrial fibrillation, indicating delayed atrioventricular conduction","This detector identifies ECGs with PR intervals ≥160ms (particularly ≥180ms) or atrial fibrillation. HIGH activation occurs consistently with PR intervals of 168-204ms or when P waves are absent due to atrial fibrillation. ZERO activation ECGs frequently show short PR intervals (128-134ms) or only mild prolongation. This pattern indicates the detector captures delayed AV nodal conduction, including borderline first-degree AV block.",PR interval ≥160-180ms in sinus rhythm; Atrial fibrillation (absence of organized atrial activity); Absence of short PR intervals (<150ms),0.5107245104134936,0.021384850848934364,20
1100,9.082727630666158,"The atom activates on mild bradycardia (HR 65-73 bpm) with normal AV conduction (PR 142-168ms) and normal QRS axis, typically in patients with normal or minimally abnormal ECGs.","This detector identifies ECGs with heart rates in the 65-73 bpm range combined with PR intervals in the normal 142-168ms range and QRS axis between 0-55°. These ECGs lack significant conduction abnormalities (no 1st degree AV block with PR >200ms, no short PR <120ms), lack axis deviation, and show normal or only minimal borderline findings. The pattern represents physiologic mild sinus bradycardia with preserved normal AV nodal conduction.","Heart rate 65-73 bpm (mild bradycardia); PR interval 142-168ms (mid-normal range, excludes AV conduction abnormalities); Absence of significant ECG abnormalities (no AV block, short PR, axis deviation, ischemia, or pacing)",0.7806037281028659,4.8862494663013785e-05,20
977,8.948608498378196,The atom activates on ECGs showing normal or near-normal cardiac conduction without significant structural abnormalities,"This detector identifies ECGs with preserved conduction system integrity, characterized by QRS duration <110ms, absence of bundle branch blocks or intraventricular conduction defects, no evidence of myocardial infarction, and generally normal cardiac axis. HIGH activation occurs with sinus rhythm, narrow QRS complexes, and reports indicating 'Normal ECG' or only minor nonspecific findings. ZERO activation occurs with wide QRS complexes (>130ms), bundle branch blocks, paced rhythms, infarct patterns, or marked axis deviations beyond -50°.","QRS duration <110ms vs ≥130ms distinguishes HIGH from ZERO; Absence of bundle branch blocks, IV conduction defects, and paced rhythms in HIGH group; All HIGH activation ECGs report either 'Normal ECG' or only minor nonspecific findings, while ZERO includes infarcts and severe conduction disease",0.41849875575523016,0.06629640279056687,20
1108,8.930609285843744,"The atom activates on ECGs with normal sinus rhythm, normal heart rate (66-79 bpm), and normal conduction parameters (PR <170ms, QRS <100ms)","This detector identifies physiologically normal cardiac electrical activity characterized by sinus rhythm with heart rate in the 66-79 bpm range, PR interval ≤166ms, and QRS duration ≤98ms. It deactivates in the presence of any significant rate abnormality (bradycardia <60 bpm or tachycardia >88 bpm), conduction delays (1st degree AV block, bundle branch blocks), or rhythm disturbances (atrial fibrillation, ventricular pacing). The detector captures a narrow window of completely normal cardiac conduction and rhythm.","Heart rate 66-79 bpm (normal sinus range); PR interval ≤166ms and QRS duration ≤98ms (normal conduction); Absence of bradycardia, tachycardia, conduction blocks, or arrhythmias",0.12353200247820875,0.6038482211530539,20
1235,8.877611604492303,"The atom activates on ECGs with narrow or minimally prolonged QRS duration, indicating preserved intraventricular conduction","This detector activates on ECGs with QRS duration predominantly <90ms and maximally up to ~114ms without significant bundle branch block. It shows ZERO activation when QRS is significantly prolonged (≥100-120ms) especially when accompanied by named conduction defects such as LBBB, RBBB with fascicular block, or nonspecific IVCD. The detector essentially identifies preserved intraventricular conduction versus significant conduction delay/block.","QRS duration <90ms in 7/8 HIGH cases vs ≥90ms in 5/7 ZERO cases; ZERO cases frequently show bundle branch blocks (LBBB, RBBB+LAFB) or IVCD with QRS 118-199ms; HIGH cases lack named bundle branch blocks despite occasional tachycardia or fascicular block",0.40116981832661386,0.07959012370671194,20
434,8.83673839269532,The atom activates on sinus rhythm with elevated heart rate (HR ≥87 bpm) and absence of significant atrial arrhythmias or complete bundle branch blocks.,"This detector identifies ECGs in sinus rhythm (including sinus tachycardia) with heart rates ≥87 bpm and QRS duration ≤108ms. It specifically excludes atrial fibrillation, atrial flutter, and severe bradycardia. The presence of ischemic changes, poor R wave progression, or low voltages does not prevent activation as long as the underlying rhythm is sinus with elevated rate. Complete bundle branch blocks (QRS ≥124ms) are associated with ZERO activation.",Sinus rhythm or sinus tachycardia (not atrial fibrillation/flutter); Heart rate ≥87 bpm; Absence of complete bundle branch block (QRS ≤108ms in HIGH group),0.4280544683820757,0.05972085658586128,20
483,8.764491553494535,"The atom activates on ECGs with short PR intervals and narrow QRS complexes, indicating rapid and normal AV conduction without conduction system disease","This detector identifies ECGs with efficient AV nodal conduction characterized by PR intervals ≤150ms (typically 132-150ms) combined with narrow QRS complexes ≤84ms. All activating cases show simple sinus rhythms without conduction blocks, bundle branch blocks, or pacing. The detector is silenced by prolonged PR intervals (>180ms), widened QRS (>90ms), bundle branch blocks (especially RBBB), atrial fibrillation, pacing, or first-degree AV block.","PR interval ≤150ms (most HIGH cases) vs PR >180ms (common in ZERO cases); QRS duration ≤84ms in HIGH cases vs frequent QRS ≥90ms in ZERO cases; Absence of conduction blocks (RBBB, LAFB, 1st degree AVB) in HIGH cases vs presence in ZERO cases",0.17498244697178852,0.4605875001977021,20
982,8.752867062066034,"The atom activates on ECGs with relatively preserved QRS characteristics, specifically normal to mildly prolonged QRS duration (<110ms) and absence of low voltage or complete bundle branch block patterns.","This detector activates strongly when QRS duration is <110ms (typically 74-108ms), QRS axis is within a normal-to-moderate range (approximately -3° to +66°), and the ECG report does NOT mention low voltage in any leads, complete left bundle branch block, or marked intraventricular conduction delay. High activation occurs regardless of rhythm abnormalities, ST-T changes, or evidence of infarction, as long as the basic QRS morphology remains relatively preserved.","QRS duration <110ms (all HIGH cases ≤108ms vs ZERO cases include 115ms, 158ms); Absence of low voltage mentions (present in multiple ZERO cases, absent in all HIGH cases); No complete LBBB or marked IVCD (ZERO group has LBBB at 158ms, IVCD at 115ms)",0.2825623520649375,0.22740097398098078,20
928,8.737742723755836,The atom activates on normal sinus rhythm with heart rate in the physiologic range of approximately 65-85 bpm,"This detector identifies ECGs showing straightforward sinus rhythm with heart rates typically between 68-79 bpm and presence of normal PR intervals (140-210ms). HIGH activation occurs exclusively with sinus rhythm reports and narrow-to-normal QRS complexes (<100ms), excluding cases with atrial fibrillation, atrial flutter, junctional rhythms, bundle branch blocks, or marked bradycardia/tachycardia. The detector essentially flags hemodynamically stable, uncomplicated sinus rhythm.",Heart rate 68-79 bpm (normal sinus range); Presence of PR interval indicating organized atrial activity; ECG report explicitly states 'Sinus rhythm' without competing arrhythmias,0.3826838913281941,0.0958511029759355,20
1489,8.709868943233733,The atom activates on ECGs with normal atrioventricular and intraventricular conduction times in the absence of significant cardiac pathology,"This detector activates strongly on ECGs with PR intervals between 130-182ms, narrow QRS complexes (<100ms), normal QRS axis (-15° to +70°), and reports indicating sinus rhythm without significant pathology. It shows zero activation on ECGs with prolonged conduction intervals (PR >200ms, QRS >100ms), abnormal axis deviations (particularly <-30° or >90°), conduction blocks (RBBB, LAFB), or infarcts. The detector appears to identify normal cardiac conduction patterns.","PR interval 130-182ms with narrow QRS <100ms; Normal QRS axis without left or right axis deviation; Absence of conduction blocks, infarcts, or significant ischemic changes in report",0.12876874865779084,0.588471365415297,20
1307,8.66224602673633,"The atom activates on sinus rhythm with normal QRS duration, normal frontal axis, and absence of tachycardia or conduction abnormalities.","This detector identifies ECGs with sinus rhythm (or sinus bradycardia), heart rate <90 bpm, QRS duration ≤110ms, and QRS frontal axis between approximately -35° and +30°. It specifically excludes tachycardia (HR ≥100 bpm), wide QRS complexes (≥140ms), extreme axis deviations (beyond ±60°), bundle branch blocks, paced rhythms, and atrial fibrillation. The detector represents a constellation of normal electrophysiological conduction patterns.","Heart rate <90 bpm (no sinus tachycardia); QRS duration ≤110ms (narrow-to-normal QRS, no bundle branch block); QRS axis between -35° and +30° (normal frontal axis); Sinus rhythm without pacing or atrial fibrillation",0.392611341117598,0.08684203957109504,20
1340,8.647621666552089,The atom activates on hemodynamically stable sinus rhythm with normal cardiac axis and heart rate in the physiologic resting range,"This detector activates on uncomplicated sinus rhythm with heart rate 66-79 bpm and QRS axis within -20° to +70°. It requires absence of conduction abnormalities (no bundle branch blocks, no intraventricular conduction defects), no paced rhythms, no atrial fibrillation, and no left ventricular hypertrophy. The ECGs show physiologically normal electrical activation patterns without structural or rhythm complications.","Heart rate 66-79 bpm (resting physiologic range); QRS axis -20° to +70° (normal range, avoiding extremes); Pure sinus rhythm without bundle branch blocks, pacing, atrial fibrillation, or LVH",-0.005615742628074221,0.9812535856858027,20
1454,8.532251713987513,"The atom activates on elevated heart rate, particularly in the range of 90-110 bpm","This detector identifies ECGs with elevated heart rate, specifically activating strongly when HR ≥90 bpm and showing no activation when HR ≤86 bpm. The pattern is most prominent in sinus tachycardia (HR >100 bpm) but also activates in upper-normal sinus rhythm (HR 83-99 bpm). The activation is independent of other ECG abnormalities, occurring in both normal ECGs and those with conduction blocks, axis deviations, or repolarization changes.",Heart rate ≥90 bpm strongly predicts HIGH activation; All ZERO activation cases have HR ≤86 bpm; MEDIUM activation occurs in intermediate HR range (65-102 bpm); Rhythm type (sinus rhythm vs tachycardia vs arrhythmia) less important than absolute heart rate,0.3545598473530622,0.12506082755428896,20
1178,8.47950402169905,The atom activates on ECGs showing ST-T abnormalities suggestive of myocardial ischemia in the presence of normal to rightward QRS axis (typically 0° to 80°),"This detector identifies ECGs with ST-T segment abnormalities described as potentially ischemic (phrases like 'may be due to myocardial ischemia', 'consider ischemia', 'extensive ST-T changes', 'ST elevation') combined with QRS axis in the normal to rightward range (approximately 0° to 80°). HIGH activation requires both ischemic ST-T changes AND absence of significant left axis deviation. ZERO cases typically have either normal ECGs, left axis deviation (< -30°), or only nonspecific ST-T changes without ischemic concern.","QRS axis 0° to 80° (normal to rightward); ST-T abnormalities described with ischemic language ('may be due to myocardial ischemia', 'consider ischemia', 'extensive ST-T changes'); Absence of significant left axis deviation (excludes < -30°)",0.16345898591406585,0.49107799778886524,20
1066,8.428256263788459,"The atom activates on ECGs with normal to mildly rightward QRS axis (approximately -15° to +60°), narrow QRS duration (<90ms preferred), and absence of marked leftward axis deviation or pacing.","This detector identifies ECGs with physiologically normal QRS axis orientation, typically ranging from -15° to +60°, avoiding leftward axis deviation (≤-20°). HIGH activation favors QRS duration <90ms and occurs regardless of other findings (can include infarcts, normal ECGs, or mild abnormalities). ZERO activation is strongly associated with leftward axis (QRS axis ≤-15°), paced rhythms, wider QRS complexes (≥90ms), and reports explicitly mentioning 'leftward axis' or demand pacing.",QRS axis between -15° and +60° (avoiding leftward deviation); QRS duration <90ms; Absence of pacing rhythms and absence of 'leftward axis' in report,0.01967227515464138,0.9343924121246707,20
766,8.392257838719557,"The atom activates on ECGs with heart rates in the mid-normal range (approximately 70-85 bpm), specifically avoiding bradycardia (<65 bpm) and tachycardia (>95 bpm).","This detector identifies ECGs with sinus rhythm and heart rates between approximately 70-85 bpm. HIGH activation occurs consistently when HR is 71-82 bpm with normal sinus rhythm. ZERO activation is seen with bradycardia (HR 57-58 bpm), tachycardia (HR 92-100 bpm), or junctional rhythms. The detector does not distinguish based on QRS morphology, axis, or presence of infarcts, but rather selects a specific heart rate window within the normal range.","Heart rate 70-85 bpm (all HIGH cases: 71-82 bpm); Exclusion of bradycardia <65 bpm (ZERO cases at 57-58 bpm); Exclusion of tachycardia >90 bpm (ZERO cases at 92, 100 bpm)",0.7392505934696643,0.00019596082440984263,20
230,8.37163374102383,"The atom activates on sinus rhythm ECGs with mildly prolonged QRS duration (92-112ms) and intact AV conduction, particularly when PR interval is measurably prolonged (≥150ms)","This detector identifies ECGs in sinus rhythm with QRS durations in the 92-112ms range (upper normal to mildly prolonged, but not meeting bundle branch block criteria) combined with preserved AV conduction showing PR intervals typically ≥150ms. It specifically excludes paced rhythms, atrial fibrillation, bundle branch blocks (QRS ≥120ms), and very narrow QRS complexes (<90ms). The pattern suggests mild intraventricular conduction delay with first-degree AV block or borderline prolonged AV conduction.","QRS duration 92-112ms (mildly prolonged but <120ms); PR interval ≥150ms in most cases; Sinus rhythm with intact AV conduction (excludes pacing, AFib, and complete BBB)",0.10426288464075044,0.6617849639820009,20
1254,8.250889023605218,The atom activates on atrial fibrillation and atrial flutter,"This detector identifies ECGs with supraventricular arrhythmias characterized by absent or abnormal atrial activity. HIGH activation occurs with atrial fibrillation, atrial flutter, or severe AV conduction abnormalities where organized P waves are absent. ZERO activation uniformly shows sinus rhythm with normal P wave activity. The rhythm disturbance is the primary feature, with low QRS voltages frequently present as a secondary finding in HIGH-activation cases.",Atrial fibrillation or atrial flutter in rhythm diagnosis; Absence of normal sinus P waves; Irregular ventricular response or advanced AV block,0.3156945888185345,0.17513086716940848,20
1000,8.146893573406164,"The atom activates on ECGs showing normal sinus rhythm with physiologically normal heart rate (70-82 bpm) and conduction intervals, without significant cardiac pathology or conduction system disease.","This detector identifies ECGs with heart rates in the comfortable normal range (70-82 bpm), normal PR intervals (130-176ms), normal QRS durations (<110ms), and absence of significant cardiac pathology. HIGH activation occurs with reports stating 'Normal ECG' or only minor nonspecific findings. ZERO activation occurs with bradycardia (<65 bpm) or tachycardia (>95 bpm), conduction abnormalities (1st degree AV block, bundle branch blocks), chamber enlargement (LVH, LAE), or ischemic findings.","Heart rate 70-82 bpm (vs extremes: <65 or >95 bpm in ZERO); Absence of conduction disease (no AV blocks, no bundle branch blocks present in HIGH); Report findings of 'Normal ECG' or only nonspecific changes (vs LVH, infarcts, chamber enlargement in ZERO)",0.6741308378228847,0.0011163458179370498,20
394,8.042398145081153,The atom activates on ECGs with shorter PR intervals and relatively higher heart rates in sinus rhythm,"This detector activates strongly when the PR interval is ≤170ms (typically 120-166ms) combined with heart rates in the upper normal to mildly tachycardic range (≥75 bpm, typically 76-94 bpm) during sinus rhythm or sinus arrhythmia. It shows minimal or zero activation when PR intervals are prolonged (≥170ms), particularly when associated with bradycardia (HR <65 bpm) or when borderline first-degree AV block is present (PR ≥196ms). The detector appears to identify normal or enhanced AV nodal conduction patterns.",PR interval ≤170ms vs ≥170ms; Heart rate ≥75 bpm vs <65 bpm; Sinus rhythm without bradycardia or AV conduction delay,0.011338838715567312,0.9621585968307734,20
507,8.00139993875268,"The atom activates on ECGs with heart rates in the specific narrow range of 59-63 bpm, representing mild bradycardia or low-normal sinus rates.","This detector identifies ECGs with heart rates between 59-63 beats per minute, inclusive. This represents the borderline between sinus bradycardia (HR <60) and low-normal sinus rhythm (HR 60-63). The activation is independent of rhythm type, conduction abnormalities, axis deviation, or structural heart disease. ZERO activation occurs when HR ≥65 bpm, with MEDIUM activation representing the transitional zone (58-66 bpm range).","Heart rate 59-63 bpm in all HIGH cases; Heart rate ≥65 bpm in all ZERO cases; Activation independent of rhythm, axis, QRS duration, or structural abnormalities",0.8415545970220193,3.3128684222044772e-06,20
